{
    "data": [
        {
            "imgPath": "http://portal.bilardo.gov.tr/assets/pages/media/profile/profile_user.jpg",
            "name": "Megan Hewlett",
            "rate": 3.5,
            "reviewDate": "1 Hour Ago",
            "reviewNote": "Cras mattis consectetur purus sit amet fermentum. Praesent commodo cursus magna, vel scelerisque nisl consectetur et."
        },
        {
            "imgPath": "https://www.mills.edu/uniquely-mills/students-faculty/student-profiles/images/student-profile-gabriela-mills-college.jpg",
            "name": "Megan Hewlett",
            "rate": 3.5,
            "reviewDate": "2 Hour Ago",
            "reviewNote": "Cras mattis consectetur purus sit amet fermentum. Praesent commodo cursus magna, vel scelerisque nisl consectetur et. Vestibulum id ligula porta felis euismod semper. Cras justo odio, dapibus ac facilisis in, egestas eget quam. Duis mollis, est non commodo luctus, nisi erat porttitor ligula, eget lacinia odio sem nec elit. Aenean eu leo quam. Pellentesque ornare sem lacinia quam venenatis vestibulum."
        },
        {
            "imgPath": "https://i.cricketcb.com/stats/img/faceImages/8085.jpg",
            "name": "Megan Hewlett",
            "rate": 5,
            "reviewDate": "3 Hour Ago",
            "reviewNote": "Cras mattis consectetur purus sit amet fermentum. "
        },
        {
            "imgPath": "http://portal.bilardo.gov.tr/assets/pages/media/profile/profile_user.jpg",
            "name": "Megan Hewlett",
            "rate": 3.5,
            "reviewDate": "2 Hour Ago",
            "reviewNote": "Cras mattis consectetur purus sit amet fermentum. Praesent commodo cursus magna, vel scelerisque nisl consectetur et. Vestibulum id ligula porta felis euismod semper. "
        },
        {
            "imgPath": "https://www.mills.edu/uniquely-mills/students-faculty/student-profiles/images/student-profile-gabriela-mills-college.jpg",
            "name": "Megan Hewlett",
            "rate": 3.5,
            "reviewDate": "1 Hour Ago",
            "reviewNote": "Cras mattis consectetur purus sit amet fermentum. ~~~"
        },
        {
            "imgPath": "https://i.cricketcb.com/stats/img/faceImages/8085.jpg",
            "name": "Megan Hewlett",
            "rate": 1,
            "reviewDate": "3 Hour Ago",
            "reviewNote": "Cras mattis consectetur purus sit amet fermentum. Praesent commodo cursus magna, vel scelerisque nisl consectetur et. Vestibulum id ligula porta felis euismod semper. Cras justo odio, dapibus ac facilisis in, egestas eget quam. Duis mollis, est non commodo luctus, nisi erat porttitor ligula, eget lacinia odio sem nec elit. Aenean eu leo quam. Pellentesque ornare sem lacinia quam venenatis vestibulum."
        }
    ]
}